rank,channel,ttmt_score,closed_trades,win_rate_pct,profit_factor,traders_in_profit_90d,traders_90d,access,channel_page
1,GiltStone Traders (FREE CHANNEL),4.7,197,74.1,3.40,10,15,Free,https://telegramtometatrader.com/explore/giltstone-traders-free-channel
2,GOLD SIGNAL USA,4.0,3493,55.6,1.38,12,24,Free,https://telegramtometatrader.com/explore/gold-signal-usa
3,Gold Trader Sunny 🏆,3.7,264,73.5,1.12,3,8,Free,https://telegramtometatrader.com/explore/gold-trader-sunny
4,Jonny’s Trading Academy,3.7,635,68.5,0.94,4,9,Access not verified yet,https://telegramtometatrader.com/explore/jonnys-trading-academy
5,Jonny’s FX Trader 📊,3.3,1126,74.5,1.43,2,7,Access not verified yet,https://telegramtometatrader.com/explore/jonnys-fx-trader
6,VIP BIG LOT,3.3,1928,55.9,0.83,2,6,Access not verified yet,https://telegramtometatrader.com/explore/vip-big-lot
7,Jonny's Exclusive Trading School,3.0,1770,66.7,0.96,0,7,Access not verified yet,https://telegramtometatrader.com/explore/jonnys-exclusive-trading-school
8,GTMO VIP 🤴🏽,2.7,4030,67.1,0.69,3,15,Access not verified yet,https://telegramtometatrader.com/explore/gtmo-vip
9,Gold Signals 98% Sure 😎,2.3,582,67.3,0.74,2,7,Free,https://telegramtometatrader.com/explore/gold-signals-98-sure
10,"Ben, Gold Trader",2.3,637,58.9,0.51,1,9,Free,https://telegramtometatrader.com/explore/ben-gold-trader
