channel,closed_trades,channel_page
Top Notch FX | PREMIUM ROOM 🌍,385,https://telegramtometatrader.com/explore/top-notch-fx-premium-room
DEN GOLD MASTER,37,https://telegramtometatrader.com/explore/den-gold-master
THE KING OF FOREX PRO,136,https://telegramtometatrader.com/explore/dailysignalsxauusd
GiltStone Traders (VIP CHANNEL),57,https://telegramtometatrader.com/explore/giltstone-traders-vip-channel
🏆Gold Standard 🎯 : Gold Trading Community,320,https://telegramtometatrader.com/explore/gold-standard-gold-trading-community
SIGMA VIP 🎖️,104,https://telegramtometatrader.com/explore/sigma-vip
Trade With Noman🎖️,209,https://telegramtometatrader.com/explore/trade-with-noman
AJD Trades V2,517,https://telegramtometatrader.com/explore/ajd-trades-v2
Turbo VIP Room 🏆📊,131,https://telegramtometatrader.com/explore/turbo-vip-room
Victor Brandt Trading,241,https://telegramtometatrader.com/explore/victor-brandt-trading
XAUHQ VIP 🏛️,116,https://telegramtometatrader.com/explore/xauhq-vip
Madam Jade 🇸🇬,54,https://telegramtometatrader.com/explore/madam-jade
XAUUSD TRADING ZONE,521,https://telegramtometatrader.com/explore/xauusdtradingzoneoffical4x
KING EL GOLD 👑,93,https://telegramtometatrader.com/explore/king-el-gold
Fx Broker Signals,68,https://telegramtometatrader.com/explore/fx-broker-signals
🚀 CallistoFx Premium Channel 🚀,620,https://telegramtometatrader.com/explore/callistofx-premium-channel
Ben's VIP Circle,39,https://telegramtometatrader.com/explore/bens-vip-circle
Smith 1000Pips Gold Channel,260,https://telegramtometatrader.com/explore/smith-1000pips-gold-channel
TriadFx,111,https://telegramtometatrader.com/explore/triadfx
Sigma Trading Club,58,https://telegramtometatrader.com/explore/sigma-trading-club
Tristan Trading VIP,128,https://telegramtometatrader.com/explore/tristan-trading-vip
GARY GOLD LEGACY,108,https://telegramtometatrader.com/explore/gary-gold-legacy
TSA VIP 💰 GOLD & CRYPTO,103,https://telegramtometatrader.com/explore/tsa-vip-gold-and-crypto
GHP 🦁 VIP-JACKPOT 🇳🇱 FX,195,https://telegramtometatrader.com/explore/ghp-vip-jackpot-fx
School Of Trades,62,https://telegramtometatrader.com/explore/school-of-trades
GoldSignals - VIP,308,https://telegramtometatrader.com/explore/goldsignals-vip
THE GOLD TRADING COMMUNITY,4880,https://telegramtometatrader.com/explore/the-gold-trading-community
GOLD SCALPING & ZONES,875,https://telegramtometatrader.com/explore/gold-scalping-zones
VINCI VIP SIGNALS,172,https://telegramtometatrader.com/explore/vinci-vip-signals
XAURACLE,1423,https://telegramtometatrader.com/explore/xauracle
DeFi-Intelligence Scalping,89,https://telegramtometatrader.com/explore/defi-intelligence-scalping
BT VIP 2.1,185,https://telegramtometatrader.com/explore/bt-vip-21
VIP GOLD CLUB 🏆 (RELOADED),148,https://telegramtometatrader.com/explore/vip-gold-club-reloaded
Blue Forex Pips TM,500,https://telegramtometatrader.com/explore/blue-forex-pips
RANGE BREAKER,450,https://telegramtometatrader.com/explore/range-breaker
Alphabet Free,154,https://telegramtometatrader.com/explore/alphabet-free
EVOLUTE TRADING VIP PREMIUM,189,https://telegramtometatrader.com/explore/evolute-trading-vip-premium
MIB MASTERS 🔺,657,https://telegramtometatrader.com/explore/mib-masters
SureShot GOLD,107,https://telegramtometatrader.com/explore/sureshot-gold
Ceddi Trades,267,https://telegramtometatrader.com/explore/ceddi-trades
Top Notch FX FREE SIGNALS,6,https://telegramtometatrader.com/explore/top-notch-fx-free-signals
Forexman / VIP room,19,https://telegramtometatrader.com/explore/forexman-vip-room
VIP IndoTraderXpert,32,https://telegramtometatrader.com/explore/vip-indotraderxpert
PipTarget - Forex Signals,28,https://telegramtometatrader.com/explore/pip-target-signal
TFXC PREMIUM,7,https://telegramtometatrader.com/explore/tfxc-premium
SAFE VIP,31,https://telegramtometatrader.com/explore/safe-vip
SMC KILLERZONE,48,https://telegramtometatrader.com/explore/smc-killerzone
